电影原名,电影别名,导演,主演,时间,国家,类型,评价人数,电影图片URL
肖申克的救赎,月黑高飞(港)  /  刺激1995(台),弗兰克·德拉邦特 Frank Darabont,蒂姆·罗宾斯 Tim Robbins /..., 1994,美国,犯罪 剧情,3175575人评价,https://img3.doubanio.com/view/photo/s_ratio_poster/public/p480747492.webp
霸王别姬,再见，我的妾  /  Farewell My Concubine,陈凯歌 Kaige Chen,张国荣 Leslie Cheung / 张丰毅 Fengyi Zha..., 1993,中国大陆 中国香港,剧情 爱情 同性,2345167人评价,https://img1.doubanio.com/view/photo/s_ratio_poster/public/p2561716440.webp
泰坦尼克号,铁达尼号(港 / 台),詹姆斯·卡梅隆 James Cameron,莱昂纳多·迪卡普里奥 Leonardo..., 1997,美国 墨西哥,剧情 爱情 灾难,2409652人评价,https://img9.doubanio.com/view/photo/s_ratio_poster/public/p457760035.webp
阿甘正传,福雷斯特·冈普,罗伯特·泽米吉斯 Robert Zemeckis,汤姆·汉克斯 Tom Hanks / ..., 1994,美国,剧情 爱情,2358305人评价,https://img3.doubanio.com/view/photo/s_ratio_poster/public/p2372307693.webp
千与千寻,神隐少女(台)  /  千与千寻的神隐,宫崎骏 Hayao Miyazaki,柊瑠美 Rumi Hîragi / 入野自由 Miy..., 2001,日本,剧情 动画 奇幻,2452607人评价,https://img1.doubanio.com/view/photo/s_ratio_poster/public/p2557573348.webp
美丽人生,一个快乐的传说(港)  /  Life Is Beautiful,罗伯托·贝尼尼 Roberto Benigni,罗伯托·贝尼尼 Roberto Beni..., 1997,意大利,剧情 喜剧 爱情 战争,1438039人评价,https://img3.doubanio.com/view/photo/s_ratio_poster/public/p2578474613.webp
这个杀手不太冷,终极追杀令(台)  /  杀手莱昂,吕克·贝松 Luc Besson,让·雷诺 Jean Reno / 娜塔莉·波特曼 ..., 1994,法国 美国,剧情 动作 犯罪,2487200人评价,https://img9.doubanio.com/view/photo/s_ratio_poster/public/p2913554676.webp
星际穿越,星际启示录(港)  /  星际效应(台),克里斯托弗·诺兰 Christopher Nolan,马修·麦康纳 Matthew Mc..., 2014,美国 英国 加拿大,剧情 科幻 冒险,2086721人评价,https://img3.doubanio.com/view/photo/s_ratio_poster/public/p2614988097.webp
盗梦空间,潜行凶间(港)  /  全面启动(台),克里斯托弗·诺兰 Christopher Nolan,莱昂纳多·迪卡普里奥 Le..., 2010,美国 英国,剧情 科幻 悬疑 冒险,2253897人评价,https://img9.doubanio.com/view/photo/s_ratio_poster/public/p513344864.webp
楚门的世界,真人Show(港)  /  真人戏,彼得·威尔 Peter Weir,金·凯瑞 Jim Carrey / 劳拉·琳妮 Lau..., 1998,美国,剧情 科幻,1937353人评价,https://img3.doubanio.com/view/photo/s_ratio_poster/public/p479682972.webp
辛德勒的名单,舒特拉的名单(港)  /  辛德勒名单,史蒂文·斯皮尔伯格 Steven Spielberg,连姆·尼森 Liam Neeson..., 1993,美国,剧情 历史 战争,1213437人评价,https://img3.doubanio.com/view/photo/s_ratio_poster/public/p492406163.webp
忠犬八公的故事,秋田犬八千(港)  /  忠犬小八(台),莱塞·霍尔斯道姆 Lasse Hallström,理查·基尔 Richard Ger..., 2009,美国 英国,剧情,1502090人评价,https://img1.doubanio.com/view/photo/s_ratio_poster/public/p2587099240.webp
海上钢琴师,声光伴我飞(港)  /  一九零零的传奇,朱塞佩·托纳多雷 Giuseppe Tornatore,蒂姆·罗斯 Tim Roth / ..., 1998,意大利,剧情 音乐,1827015人评价,https://img9.doubanio.com/view/photo/s_ratio_poster/public/p2914698334.webp
三傻大闹宝莱坞,三个傻瓜(台)  /  作死不离3兄弟(港),拉库马·希拉尼 Rajkumar Hirani,阿米尔·汗 Aamir Khan / 卡..., 2009,印度,剧情 喜剧 爱情 歌舞,2017059人评价,https://img2.doubanio.com/view/photo/s_ratio_poster/public/p579729551.webp
疯狂动物城,优兽大都会(港)  /  动物方城市(台),拜伦·霍华德 Byron Howard / 瑞奇·摩尔 Rich Moore,金妮弗·..., 2016,美国,喜剧 动画 冒险,2172270人评价,https://img2.doubanio.com/view/photo/s_ratio_poster/public/p2323981221.webp
放牛班的春天,歌声伴我心(港)  /  唱诗班男孩,克里斯托夫·巴拉蒂 Christophe Barratier,让-巴蒂斯特·莫尼..., 2004,法国 瑞士 德国,剧情 音乐,1430772人评价,https://img1.doubanio.com/view/photo/s_ratio_poster/public/p2884280708.webp
机器人总动员,太空奇兵·威E(港)  /  瓦力(台),安德鲁·斯坦顿 Andrew Stanton,本·贝尔特 Ben Burtt / 艾丽..., 2008,美国,科幻 动画 冒险,1438998人评价,https://img2.doubanio.com/view/photo/s_ratio_poster/public/p1461851991.webp
无间道,Infernal Affairs  /  Mou gaan dou,刘伟强 / 麦兆辉,刘德华 Andy Lau / 梁朝伟 Tony Leung Chiu W..., 2002,中国香港,剧情 犯罪 惊悚,1511224人评价,https://img3.doubanio.com/view/photo/s_ratio_poster/public/p2564556863.webp
控方证人,雄才伟略  /  情妇,比利·怀尔德 Billy Wilder,泰隆·鲍华 Tyrone Power / 玛琳·..., 1957,美国,剧情 犯罪 悬疑 惊悚,671655人评价,https://img2.doubanio.com/view/photo/s_ratio_poster/public/p2911817201.webp
大话西游之大圣娶亲,西游记完结篇仙履奇缘  /  齐天大圣西游记,刘镇伟 Jeffrey Lau,周星驰 Stephen Chow / 吴孟达 Man Tat Ng..., 1995,中国香港 中国大陆,喜剧 爱情 奇幻 古装,1661984人评价,https://img9.doubanio.com/view/photo/s_ratio_poster/public/p2455050536.webp
熔炉,无声呐喊(港)  /  漩涡,黄东赫 Dong-hyuk Hwang,孔侑 Yoo Gong / 郑有美 Yu-mi Jung /..., 2011,韩国,剧情,1009510人评价,https://img9.doubanio.com/view/photo/s_ratio_poster/public/p1363250216.webp
触不可及,闪亮人生(港)  /  逆转人生(台),奥利维·那卡什 Olivier Nakache / 艾力克·托兰达 Eric Toledano,主..., 2011,法国,剧情 喜剧,1248328人评价,https://img9.doubanio.com/view/photo/s_ratio_poster/public/p1454261925.webp
教父,Mario Puzo's The Godfather,弗朗西斯·福特·科波拉 Francis Ford Coppola,马龙·白兰度 M..., 1972,美国,剧情 犯罪,1067136人评价,https://img9.doubanio.com/view/photo/s_ratio_poster/public/p616779645.webp
寻梦环游记,玩转极乐园(港)  /  可可夜总会(台),李·昂克里奇 Lee Unkrich / 阿德里安·莫利纳 Adrian Molina,..., 2017,美国,喜剧 动画 奇幻 音乐,1894201人评价,https://img2.doubanio.com/view/photo/s_ratio_poster/public/p2505426431.webp
当幸福来敲门,寻找快乐的故事(港)  /  追求快乐,加布里尔·穆奇诺 Gabriele Muccino,威尔·史密斯 Will Smith ..., 2006,美国,剧情 传记 家庭,1642711人评价,https://img1.doubanio.com/view/photo/s_ratio_poster/public/p1312700628.webp
末代皇帝,末代皇帝溥仪(港)  /  L'ultimo imperatore,贝纳尔多·贝托鲁奇 Bernardo Bertolucci,尊龙 John Lone / 陈..., 1987,英国 意大利 中国大陆 法国,剧情 传记 历史,991333人评价,https://img3.doubanio.com/view/photo/s_ratio_poster/public/p452089833.webp
哈利·波特与魔法石,哈利波特1：神秘的魔法石(港 / 台) ,Chris Columbus,Daniel Radcliffe / Emma Watson / Rupert Grint, 2001,美国 英国,奇幻 冒险,1364274人评价,https://img1.doubanio.com/view/photo/s_ratio_poster/public/p2913781448.webp
龙猫,邻居托托罗  /  邻家的豆豆龙,宫崎骏 Hayao Miyazaki,日高法子 Noriko Hidaka / 坂本千夏 Ch..., 1988,日本,动画 奇幻 冒险,1372560人评价,https://img9.doubanio.com/view/photo/s_ratio_poster/public/p2540924496.webp
怦然心动,萌动青春  /  青春萌动,罗伯·莱纳 Rob Reiner,玛德琳·卡罗尔 Madeline Carroll / 卡..., 2010,美国,剧情 喜剧 爱情,1992471人评价,https://img1.doubanio.com/view/photo/s_ratio_poster/public/p501177648.webp
活着,人生  /  Lifetimes,张艺谋 Yimou Zhang,葛优 You Ge / 巩俐 Li Gong / 姜武 Wu Jiang, 1994,中国大陆 中国香港,剧情 历史 家庭,938132人评价,https://img3.doubanio.com/view/photo/s_ratio_poster/public/p2597919477.webp
蝙蝠侠：黑暗骑士,蝙蝠侠前传2：黑暗骑士  /  黑暗骑士(台),克里斯托弗·诺兰 Christopher Nolan,克里斯蒂安·贝尔 Christ..., 2008,美国 英国,剧情 动作 科幻 犯罪 惊悚,1158225人评价,https://img3.doubanio.com/view/photo/s_ratio_poster/public/p462657443.webp
指环王3：王者无敌,魔戒三部曲：王者再临(台 / 港) ,彼得·杰克逊 Peter Jackson,伊利亚·伍德 Elijah Wood / 西恩..., 2003,美国 新西兰,剧情 动作 奇幻 冒险,881436人评价,https://img3.doubanio.com/view/photo/s_ratio_poster/public/p2642829472.webp
我不是药神,中国药神  /  印度药神,文牧野 Muye Wen,徐峥 Zheng Xu / 王传君 Chuanjun Wang / 周..., 2018,中国大陆,剧情 喜剧,2288607人评价,https://img9.doubanio.com/view/photo/s_ratio_poster/public/p2561305376.webp
乱世佳人,飘,维克多·弗莱明 Victor Fleming / 乔治·库克 George Cukor,费..., 1939,美国,剧情 历史 爱情 战争,763860人评价,https://img1.doubanio.com/view/photo/s_ratio_poster/public/p1963126880.webp
飞屋环游记,冲天救兵(港)  /  天外奇迹(台),彼特·道格特 Pete Docter / 鲍勃·彼德森 Bob Peterson,爱德..., 2009,美国,剧情 喜剧 动画 冒险,1450843人评价,https://img1.doubanio.com/view/photo/s_ratio_poster/public/p2553594918.webp
让子弹飞,让子弹飞一会儿  /  火烧云,姜文 Wen Jiang,姜文 Wen Jiang / 葛优 You Ge / 周润发 Yun-F..., 2010,中国大陆 中国香港,剧情 喜剧 动作 西部,1863928人评价,https://img3.doubanio.com/view/photo/s_ratio_poster/public/p1512562287.webp
哈尔的移动城堡,哈尔移动城堡(港)  /  霍尔的移动城堡(台),宫崎骏 Hayao Miyazaki,倍赏千惠子 Chieko Baishô / 木村拓..., 2004,日本,爱情 动画 奇幻 冒险,1237004人评价,https://img9.doubanio.com/view/photo/s_ratio_poster/public/p2907583906.webp
素媛,许愿  /  希望：为爱重生(台),李濬益 Jun-ik Lee,薛景求 Kyung-gu Sol / 严志媛 Ji-won Uhm ..., 2013,韩国,剧情,753638人评价,https://img9.doubanio.com/view/photo/s_ratio_poster/public/p2118532944.webp
十二怒汉,12怒汉  /  十二怒汉,Sidney Lumet,亨利·方达 Henry Fonda / 马丁·鲍尔萨姆 Marti..., 1957,美国,剧情,554997人评价,https://img3.doubanio.com/view/photo/s_ratio_poster/public/p2173577632.webp
海蒂和爷爷,飘零燕(港)  /  海蒂,阿兰·葛斯彭纳 Alain Gsponer,阿努克·斯特芬 Anuk Steffen /..., 2015,德国 瑞士,剧情 冒险 家庭,735757人评价,https://img9.doubanio.com/view/photo/s_ratio_poster/public/p2554525534.webp
猫鼠游戏,逍遥法外  /  捉智双雄(港),史蒂文·斯皮尔伯格 Steven Spielberg,莱昂纳多·迪卡普里奥 L..., 2002,美国 加拿大,传记 犯罪 剧情,1160515人评价,https://img2.doubanio.com/view/photo/s_ratio_poster/public/p453924541.webp
天空之城,天空之城拉普他  /  空中城堡拉普他,宫崎骏 Hayao Miyazaki,田中真弓 Mayumi Tanaka / 横泽启子 Ke..., 1986,日本,动画 奇幻 冒险,976991人评价,https://img2.doubanio.com/view/photo/s_ratio_poster/public/p2892409201.webp
摔跤吧！爸爸,我和我的冠军女儿(台)  /  打死不离3父女(港),涅提·蒂瓦里 Nitesh Tiwari,阿米尔·汗 Aamir Khan / 法缇玛..., 2016,印度,剧情 传记 运动 家庭,1697565人评价,https://img1.doubanio.com/view/photo/s_ratio_poster/public/p2401676338.webp
鬼子来了,Devils on the Doorstep,姜文 Wen Jiang,姜文 Wen Jiang / 香川照之 Teruyuki Kagawa /..., 2000,中国大陆,剧情 喜剧,690824人评价,https://img1.doubanio.com/view/photo/s_ratio_poster/public/p2553104888.webp
少年派的奇幻漂流,少年Pi的奇幻漂流  /  漂流少年Pi,李安 Ang Lee,苏拉·沙玛 Suraj Sharma / 伊尔凡·可汗 Irrfan..., 2012,美国 中国台湾 英国 加拿大,剧情 奇幻 冒险,1452582人评价,https://img2.doubanio.com/view/photo/s_ratio_poster/public/p1784592701.webp
钢琴家,钢琴战曲(港)  /  战地琴人(台),罗曼·波兰斯基 Roman Polanski,艾德里安·布洛迪 Adrien Brod..., 2002,英国 法国 波兰 德国 美国,剧情 传记 战争 音乐,722196人评价,https://img2.doubanio.com/view/photo/s_ratio_poster/public/p1381339291.webp
指环王2：双塔奇兵,魔戒二部曲：双城奇谋  /  指环王II：双塔,彼得·杰克逊 Peter Jackson,伊利亚·伍德 Elijah Wood / 西恩..., 2002,美国 新西兰,剧情 动作 奇幻 冒险,829250人评价,https://img9.doubanio.com/view/photo/s_ratio_poster/public/p2640236255.webp
大话西游之月光宝盒,西游记101回月光宝盒  /  齐天大圣东游记,刘镇伟 Jeffrey Lau,周星驰 Stephen Chow / 吴孟达 Man Tat Ng..., 1995,中国香港 中国大陆,喜剧 爱情 奇幻 古装,1325230人评价,https://img3.doubanio.com/view/photo/s_ratio_poster/public/p2561721372.webp
死亡诗社,暴雨骄阳(港)  /  春风化雨(台),彼得·威尔 Peter Weir,罗宾·威廉姆斯 Robin Williams / 罗伯..., 1989,美国,剧情,837749人评价,https://img1.doubanio.com/view/photo/s_ratio_poster/public/p2575465690.webp
何以为家,迦百农  /  星仔打官司(港),娜丁·拉巴基 Nadine Labaki,扎因·拉费阿 Zain al-Rafeea / ..., 2018,黎巴嫩 美国 法国 塞浦路斯 卡塔尔 英国,剧情,1134686人评价,https://img1.doubanio.com/view/photo/s_ratio_poster/public/p2555295759.webp
闻香识女人,女人香  /  女人的芳香,马丁·布莱斯 Martin Brest,阿尔·帕西诺 Al Pacino / 克里斯..., 1992,美国,剧情,989518人评价,https://img1.doubanio.com/view/photo/s_ratio_poster/public/p2550757929.webp
绿皮书,绿簿旅友(港)  /  幸福绿皮书(台),彼得·法雷里 Peter Farrelly,维果·莫腾森 Viggo Mortensen /..., 2018,美国 中国大陆,剧情 喜剧 传记 音乐,1827209人评价,https://img2.doubanio.com/view/photo/s_ratio_poster/public/p2531065411.webp
大闹天宫,大闹天宫 上下集  /  The Monkey King,万籁鸣 Laiming Wan,邱岳峰 Yuefeng Qiu / 富润生 Runsheng Fu..., 1961(中国大陆) / 1964(中国大陆) / 1978(中国大陆),中国大陆,剧情 动画 奇幻 古装,490965人评价,https://img3.doubanio.com/view/photo/s_ratio_poster/public/p2184505167.webp
黑客帝国,22世纪杀人网络(港)  /  廿二世纪杀人网络(港),安迪·沃卓斯基 Andy Wachowski / 拉娜·沃卓斯基 Lana Wachowski,主..., 1999,美国,动作 科幻,918522人评价,https://img1.doubanio.com/view/photo/s_ratio_poster/public/p451926968.webp
指环王1：护戒使者,指环王1：魔戒再现  /  指环王I：护戒使者,彼得·杰克逊 Peter Jackson,伊利亚·伍德 Elijah Wood / 西恩..., 2001,新西兰 美国,剧情 动作 奇幻 冒险,929359人评价,https://img9.doubanio.com/view/photo/s_ratio_poster/public/p2197698335.webp
罗马假日,金枝玉叶(港)  /  罗马假期(台),威廉·惠勒 William Wyler,奥黛丽·赫本 Audrey Hepburn / 格..., 1953,美国,喜剧 剧情 爱情,1021151人评价,https://img9.doubanio.com/view/photo/s_ratio_poster/public/p2189265085.webp
教父2,教父续集(港)  /  教父II,弗朗西斯·福特·科波拉 Francis Ford Coppola,阿尔·帕西诺 A..., 1974,美国,剧情 犯罪,614573人评价,https://img3.doubanio.com/view/photo/s_ratio_poster/public/p2194138787.webp
狮子王,狮子王3D,Roger Allers / 罗伯·明可夫 Rob Minkoff,乔纳森·泰勒·托马..., 1994,美国,动画 冒险 歌舞,930206人评价,https://img3.doubanio.com/view/photo/s_ratio_poster/public/p726659067.webp
天堂电影院,星光伴我心(港)  /  新天堂乐园(台),朱塞佩·托纳多雷 Giuseppe Tornatore,菲利普·努瓦雷 Philipp..., 1988,意大利 法国,剧情 爱情,724027人评价,https://img1.doubanio.com/view/photo/s_ratio_poster/public/p2653054340.webp
饮食男女,Eat Drink Man Woman,李安 Ang Lee,郎雄 Sihung Lung / 杨贵媚 Kuei-Mei Yang / 吴..., 1994,中国台湾 美国,剧情 家庭,694501人评价,https://img2.doubanio.com/view/photo/s_ratio_poster/public/p1910899751.webp
辩护人,逆权大状(港)  /  正义辩护人(台),杨宇硕 Woo-seok Yang,宋康昊 Kang-ho Song / 金英爱 Yeong-ae..., 2013,韩国,剧情,642635人评价,https://img9.doubanio.com/view/photo/s_ratio_poster/public/p2158166535.webp
搏击俱乐部,搏击会(港)  /  斗阵俱乐部(台),大卫·芬奇 David Fincher,爱德华·诺顿 Edward Norton / 布拉..., 1999,美国,剧情 动作 悬疑 惊悚,934639人评价,https://img3.doubanio.com/view/photo/s_ratio_poster/public/p1910931622.webp
本杰明·巴顿奇事,奇幻逆缘(港)  /  班杰明的奇幻旅程(台),大卫·芬奇 David Fincher,凯特·布兰切特 Cate Blanchett / ..., 2008,美国,剧情 爱情 奇幻,1071294人评价,https://img3.doubanio.com/view/photo/s_ratio_poster/public/p2192535722.webp
美丽心灵,有你终生美丽(港)  /  美丽境界(台),朗·霍华德 Ron Howard,罗素·克劳 Russell Crowe / 艾德·哈..., 2001,美国,传记 剧情,833360人评价,https://img1.doubanio.com/view/photo/s_ratio_poster/public/p1665997400.webp
穿条纹睡衣的男孩,穿条纹衣服的男孩  /  穿条纹衣的男孩,马克·赫尔曼 Mark Herman,阿萨·巴特菲尔德 Asa Butterfield ..., 2008,英国 美国,剧情 战争,622980人评价,https://img3.doubanio.com/view/photo/s_ratio_poster/public/p1473670352.webp
情书,When I Close My Eyes  /  Letters of Love,岩井俊二 Shunji Iwai,中山美穗 Miho Nakayama / 丰川悦司 Ets..., 1995,日本,剧情 爱情,1275172人评价,https://img1.doubanio.com/view/photo/s_ratio_poster/public/p2648230660.webp
窃听风暴,窃听者(港)  /  他人的生活,弗洛里安·亨克尔·冯·多纳斯马尔克 Florian Henckel von Donnersmarck,&amp;n..., 2006,德国,剧情 悬疑,616113人评价,https://img1.doubanio.com/view/photo/s_ratio_poster/public/p1808872109.webp
两杆大烟枪,够姜四小强(港)  /  两根枪管(台),盖·里奇 Guy Ritchie,杰森·弗莱明 Jason Flemyng / 德克斯特..., 1998,英国,剧情 喜剧 犯罪,655481人评价,https://img1.doubanio.com/view/photo/s_ratio_poster/public/p792443418.webp
哈利·波特与死亡圣器(下),哈利波特7：死神的圣物2(港 / 台) ,大卫·叶茨 David Yates,丹尼尔·雷德克里夫 Daniel Radcliffe..., 2011,美国 英国,奇幻 冒险,937573人评价,https://img1.doubanio.com/view/photo/s_ratio_poster/public/p2913457020.webp
音乐之声,仙乐飘飘处处闻(港)  /  真善美(台),罗伯特·怀斯 Robert Wise,朱莉·安德鲁斯 Julie Andrews / 克..., 1965,美国,剧情 传记 爱情 歌舞,662960人评价,https://img3.doubanio.com/view/photo/s_ratio_poster/public/p453788577.webp
西西里的美丽传说,真爱伴我行(台)  /  玛莲娜,朱塞佩·托纳多雷 Giuseppe Tornatore,莫妮卡·贝鲁奇 Monica ..., 2000,意大利 美国,剧情 战争 情色,1065037人评价,https://img1.doubanio.com/view/photo/s_ratio_poster/public/p2441988159.webp
功夫,功夫3D  /  Kung Fu Hustle,周星驰 Stephen Chow,周星驰 Stephen Chow / 元秋 Qiu Yuen / ..., 2004,中国大陆 中国香港,动作 喜剧 犯罪 奇幻,1284068人评价,https://img1.doubanio.com/view/photo/s_ratio_poster/public/p2219011938.webp
阿凡达,,詹姆斯·卡梅隆 James Cameron,萨姆·沃辛顿 Sam Worthington ..., 2009,美国,动作 科幻 冒险,1533215人评价,https://img1.doubanio.com/view/photo/s_ratio_poster/public/p2180085848.webp
哈利·波特与阿兹卡班的囚徒,哈利波特3：阿兹卡班的逃犯(港 / 台) ,阿方索·卡隆 Alfonso Cuarón,丹尼尔·雷德克里夫 Daniel Rad..., 2004,英国 美国,奇幻 冒险,854866人评价,https://img1.doubanio.com/view/photo/s_ratio_poster/public/p2913456870.webp
看不见的客人,死无对证(港)  /  布局(台),奥里奥尔·保罗 Oriol Paulo,马里奥·卡萨斯 Mario Casas / 阿..., 2016,西班牙,剧情 犯罪 悬疑 惊悚,1398321人评价,https://img9.doubanio.com/view/photo/s_ratio_poster/public/p2498971355.webp
拯救大兵瑞恩,雷霆救兵(港)  /  抢救雷恩大兵(台),史蒂文·斯皮尔伯格 Steven Spielberg,汤姆·汉克斯 Tom Hanks..., 1998,美国,剧情 战争,703800人评价,https://img9.doubanio.com/view/photo/s_ratio_poster/public/p1014542496.webp
沉默的羔羊,沉默的羔羊,乔纳森·戴米 Jonathan Demme,朱迪·福斯特 Jodie Foster / 安..., 1991,美国,剧情 犯罪 惊悚,983872人评价,https://img3.doubanio.com/view/photo/s_ratio_poster/public/p1593414327.webp
小鞋子,天堂的孩子  /  小童鞋,马基德·马基迪 Majid Majidi,默罕默德·阿米尔·纳吉 Mohamma..., 1997,伊朗,剧情 儿童 家庭,449688人评价,https://img9.doubanio.com/view/photo/s_ratio_poster/public/p2165511465.webp
飞越疯人院,飞越杜鹃窝(台)  /  飞越喜鹊巢,米洛斯·福尔曼 Miloš Forman,杰克·尼科尔森 Jack Nichols..., 1975,美国,剧情,588623人评价,https://img3.doubanio.com/view/photo/s_ratio_poster/public/p792238287.webp
布达佩斯大饭店,布达佩斯大酒店(港)  /  欢迎来到布达佩斯大饭店(台),韦斯·安德森 Wes Anderson,拉尔夫·费因斯 Ralph Fiennes / ..., 2014,美国 德国 英国,剧情 喜剧 冒险,1048746人评价,https://img3.doubanio.com/view/photo/s_ratio_poster/public/p2183539003.webp
蝴蝶效应,蝴蝶效应,埃里克·布雷斯 Eric Bress / J·麦基·格鲁伯 J. Mackye Gruber,主..., 2004,美国 加拿大,剧情 悬疑 科幻 惊悚,1033250人评价,https://img1.doubanio.com/view/photo/s_ratio_poster/public/p2209066019.webp
禁闭岛,不赦岛(港)  /  隔离岛(台),Martin Scorsese,莱昂纳多·迪卡普里奥 Leonardo DiCaprio / ..., 2010,美国,剧情 悬疑 惊悚,1078189人评价,https://img1.doubanio.com/view/photo/s_ratio_poster/public/p450262388.webp
致命魔术,死亡魔法(港)  /  顶尖对决(台),克里斯托弗·诺兰 Christopher Nolan,休·杰克曼 Hugh Jackman..., 2006,英国 美国,剧情 悬疑 惊悚,938151人评价,https://img9.doubanio.com/view/photo/s_ratio_poster/public/p480383375.webp
心灵捕手,骄阳似我(港)  /  心灵捕手,格斯·范·桑特 Gus Van Sant,马特·达蒙 Matt Damon / 罗宾·..., 1997,美国,剧情,791919人评价,https://img9.doubanio.com/view/photo/s_ratio_poster/public/p480965695.webp
低俗小说,危险人物(港)  /  黑色追缉令(台),昆汀·塔伦蒂诺 Quentin Tarantino,约翰·特拉沃尔塔 John Tra..., 1994,美国,剧情 喜剧 犯罪,927261人评价,https://img3.doubanio.com/view/photo/s_ratio_poster/public/p1910902213.webp
超脱,人间师格(台),托尼·凯耶 Tony Kaye,艾德里安·布洛迪 Adrien Brody / 马西..., 2011,美国,剧情,695871人评价,https://img2.doubanio.com/view/photo/s_ratio_poster/public/p1305562621.webp
哈利·波特与密室,哈利波特2：消失的密室(港 / 台) ,Chris Columbus,丹尼尔·雷德克里夫 Daniel Radcliffe / 艾玛..., 2002,英国 美国,奇幻 冒险,880582人评价,https://img2.doubanio.com/view/photo/s_ratio_poster/public/p2913781951.webp
摩登时代,The Masses  /  Les Temps modernes,查理·卓别林 Charles Chaplin,查理·卓别林 Charles Chaplin ..., 1936,美国,剧情 喜剧 爱情,334636人评价,https://img1.doubanio.com/view/photo/s_ratio_poster/public/p2263408369.webp
喜剧之王,King of Comedy,周星驰 Stephen Chow / 李力持 Lik-Chi Lee,周星驰 Stephen Ch..., 1999,中国香港,喜剧 剧情 爱情,1061541人评价,https://img3.doubanio.com/view/photo/s_ratio_poster/public/p2579932167.webp
杀人回忆,谋杀回忆  /  杀手回忆录,奉俊昊 Joon-ho Bong,宋康昊 Kang-ho Song / 金相庆 Sang-kyun..., 2003,韩国,剧情 动作 犯罪 悬疑 惊悚,807129人评价,https://img1.doubanio.com/view/photo/s_ratio_poster/public/p1633113220.webp
致命ID,杀人游戏  /  致命身份,詹姆斯·曼高德 James Mangold,约翰·库萨克 John Cusack / 雷..., 2003,美国,剧情 悬疑 惊悚,916466人评价,https://img9.doubanio.com/view/photo/s_ratio_poster/public/p2558364386.webp
春光乍泄,一起快乐  /  Happy Together,王家卫 Kar Wai Wong,张国荣 Leslie Cheung / 梁朝伟 Tony Leu..., 1997,中国香港 日本 韩国,剧情 爱情 同性,691806人评价,https://img2.doubanio.com/view/photo/s_ratio_poster/public/p465939041.webp
一一,Yi yi  /  Yi yi: A One and a Two,杨德昌 Edward Yang,吴念真 / 李凯莉 Kelly Lee / 金燕玲 Elai..., 2000,中国台湾 日本,剧情 爱情 家庭,471064人评价,https://img3.doubanio.com/view/photo/s_ratio_poster/public/p2567845803.webp
海豚湾,血色海湾(台)  /  海湾,路易·西霍尤斯 Louie Psihoyos,路易·西霍尤斯 Louie Psihoyo..., 2009,美国,纪录片,376207人评价,https://img1.doubanio.com/view/photo/s_ratio_poster/public/p2559579779.webp
美国往事,四海兄弟(台)  /  义薄云天(港),赛尔乔·莱翁内 Sergio Leone,罗伯特·德尼罗 Robert De Niro ..., 1984,美国 意大利,犯罪 剧情,456667人评价,https://img3.doubanio.com/view/photo/s_ratio_poster/public/p477229647.webp
加勒比海盗,加勒比海盗1：黑珍珠号的诅咒  /  神鬼奇航：鬼盗船魔咒(台),戈尔·维宾斯基 Gore Verbinski,约翰尼·德普 Johnny Depp / ..., 2003,美国,动作 冒险 奇幻,939929人评价,https://img9.doubanio.com/view/photo/s_ratio_poster/public/p1596085504.webp
红辣椒,盗梦侦探(港 / 台) ,今敏 Satoshi Kon,林原惠美 Megumi Hayashibara / 江守彻 Toru..., 2006,日本,动画 悬疑 科幻 惊悚,544574人评价,https://img1.doubanio.com/view/photo/s_ratio_poster/public/p2794776839.webp
七宗罪,火线追缉令(台)  /  7宗罪,大卫·芬奇 David Fincher,摩根·弗里曼 Morgan Freeman / 布..., 1995,美国,剧情 犯罪 悬疑 惊悚,1026942人评价,https://img9.doubanio.com/view/photo/s_ratio_poster/public/p2219586434.webp
唐伯虎点秋香,Flirting Scholar,李力持 Lik-Chi Lee,周星驰 Stephen Chow / 巩俐 Li Gong / 陈..., 1993,中国香港,喜剧 爱情 古装,1188002人评价,https://img9.doubanio.com/view/photo/s_ratio_poster/public/p2357915564.webp
还有明天,明天还有梦(港)  /  我们还有明天(台),宝拉·柯特莱西 Paola Cortellesi,宝拉·柯特莱西 Paola Corte..., 2023,意大利,剧情 喜剧 历史,280849人评价,https://img9.doubanio.com/view/photo/s_ratio_poster/public/p2918279456.webp
狩猎,诬网(港)  /  谎言的烙印(台),托马斯·温特伯格 Thomas Vinterberg,麦斯·米科尔森 Mads Mik..., 2012,丹麦 瑞典,剧情,449628人评价,https://img3.doubanio.com/view/photo/s_ratio_poster/public/p1546987967.webp
幽灵公主,魔法公主  /  幽灵少女,宫崎骏 Hayao Miyazaki,松田洋治 Yôji Matsuda / 石田百合..., 1997,日本,动画 奇幻 冒险,643818人评价,https://img3.doubanio.com/view/photo/s_ratio_poster/public/p2920895053.webp
甜蜜蜜,Comrades: Almost a Love Story,陈可辛 Peter Chan,黎明 Leon Lai / 张曼玉 Maggie Cheung / ..., 1996,中国香港,剧情 爱情,644486人评价,https://img9.doubanio.com/view/photo/s_ratio_poster/public/p2223011274.webp
蝙蝠侠：黑暗骑士崛起,蝙蝠侠前传3：黑暗骑士崛起  /  黑暗骑士：黎明升起(台),克里斯托弗·诺兰 Christopher Nolan,克里斯蒂安·贝尔 Christ..., 2012,美国 英国,剧情 动作 科幻 犯罪 惊悚,790648人评价,https://img9.doubanio.com/view/photo/s_ratio_poster/public/p1706428744.webp
7号房的礼物,戆爸的礼物(港)  /  7号囚房的礼物,李焕庆 Hwan-kyeong Lee,柳承龙 Seung-yong Ryoo / 朴信惠 Shi..., 2013,韩国,剧情 喜剧 家庭,606910人评价,https://img9.doubanio.com/view/photo/s_ratio_poster/public/p1816276065.webp
寄生虫,寄生上流(台)  /  上流寄生族(港),奉俊昊 Joon-ho Bong,宋康昊 Kang-ho Song / 李善均 Seon-gyun..., 2019,韩国,剧情,1501777人评价,https://img1.doubanio.com/view/photo/s_ratio_poster/public/p2561439800.webp
天书奇谭,天书奇谭4K纪念版  /  The Legend of Sealed Book,王树忱 Shuchen Wang / 钱运达 Yunda Qian,丁建华 Jianhua Din..., 1983(中国大陆) / 2021,中国大陆,动画 奇幻,317337人评价,https://img9.doubanio.com/view/photo/s_ratio_poster/public/p2700138245.webp
超能陆战队,大英雄联盟(港)  /  大英雄天团(台),唐·霍尔 Don Hall / 克里斯·威廉姆斯 Chris Williams,斯科特..., 2014,美国,喜剧 动作 科幻 动画 冒险,1113018人评价,https://img1.doubanio.com/view/photo/s_ratio_poster/public/p2224568669.webp
爱在黎明破晓前,情留半天(港)  /  爱在黎明破晓时(台),理查德·林克莱特 Richard Linklater,伊桑·霍克 Ethan Hawke ..., 1995,美国 奥地利 瑞士,剧情 爱情,769300人评价,https://img9.doubanio.com/view/photo/s_ratio_poster/public/p2555762374.webp
被嫌弃的松子的一生,花样奇缘(港)  /  令人讨厌的松子的一生(台),中岛哲也 Tetsuya Nakashima,中谷美纪 Miki Nakatani / 瑛太 E..., 2006,日本,剧情 歌舞,756340人评价,https://img9.doubanio.com/view/photo/s_ratio_poster/public/p884763596.webp
第六感,鬼眼(港)  /  灵异第六感(台),M·奈特·沙马兰 M. Night Shyamalan,布鲁斯·威利斯 Bruce Wi..., 1999,美国,剧情 悬疑 惊悚,616640人评价,https://img9.doubanio.com/view/photo/s_ratio_poster/public/p2220184425.webp
爱在日落黄昏时,日落巴黎(港)  /  爱在日落巴黎时(台),理查德·林克莱特 Richard Linklater,伊桑·霍克 Ethan Hawke ..., 2004,美国 法国,剧情 爱情,629965人评价,https://img1.doubanio.com/view/photo/s_ratio_poster/public/p2561542458.webp
重庆森林,Chungking Express,王家卫 Kar Wai Wong,林青霞 Brigitte Lin / 金城武 Takeshi K..., 1994,中国香港,剧情 爱情,896717人评价,https://img2.doubanio.com/view/photo/s_ratio_poster/public/p792381411.webp
入殓师,礼仪师之奏鸣曲(港)  /  礼仪师(台),泷田洋二郎 Yôjirô Takita,本木雅弘 Masahiro Motoki / ..., 2008,日本,剧情,728891人评价,https://img9.doubanio.com/view/photo/s_ratio_poster/public/p2707581855.webp
剪刀手爱德华,幻海奇缘(港)  /  剪刀手爱德华,蒂姆·波顿 Tim Burton,约翰尼·德普 Johnny Depp / 薇诺娜·..., 1990,美国,剧情 爱情 奇幻,1100387人评价,https://img3.doubanio.com/view/photo/s_ratio_poster/public/p480956937.webp
未麻的部屋,蓝色恐惧(港 / 台) ,今敏 Satoshi Kon,岩男润子 Junko Iwao / 松本梨香 Rica Matsu..., 1997,日本,剧情 犯罪 动画 悬疑 惊悚,405288人评价,https://img3.doubanio.com/view/photo/s_ratio_poster/public/p1351050722.webp
断背山,断臂山  /  BBM,李安 Ang Lee,希斯·莱杰 Heath Ledger / 杰克·吉伦哈尔 Jake..., 2005,美国 加拿大,剧情 爱情 同性 家庭,761709人评价,https://img1.doubanio.com/view/photo/s_ratio_poster/public/p2154212680.webp
菊次郎的夏天,菊次郎之夏  /  Kikujirô no natsu,北野武 Takeshi Kitano,北野武 Takeshi Kitano / 关口雄介 Yus..., 1999,日本,剧情 喜剧,656040人评价,https://img9.doubanio.com/view/photo/s_ratio_poster/public/p2620392435.webp
哈利·波特与火焰杯,哈利波特4：火杯的考验(港 / 台) ,迈克·内威尔 Mike Newell,丹尼尔·雷德克里夫 Daniel Radclif..., 2005,英国 美国,悬疑 奇幻 冒险,769855人评价,https://img9.doubanio.com/view/photo/s_ratio_poster/public/p2913456904.webp
勇敢的心,惊世未了缘(港)  /  梅尔吉勃逊之英雄本色(台),梅尔·吉布森 Mel Gibson,梅尔·吉布森 Mel Gibson / 苏菲·玛..., 1995,美国,动作 传记 剧情 历史 战争,593872人评价,https://img1.doubanio.com/view/photo/s_ratio_poster/public/p2004174709.webp
借东西的小人阿莉埃蒂,借物少女艾莉缇(台)  /  借东西的小矮人亚莉亚蒂(港),米林宏昌 Hiromasa Yonebayashi,志田未来 Mirai Shida / 神木..., 2010,日本,动画 奇幻 冒险,609643人评价,https://img9.doubanio.com/view/photo/s_ratio_poster/public/p617533616.webp
茶馆,The Teahouse,谢添 Tian Xie,于是之 Shizhi Yu / 郑榕 Rong Zhen / 蓝天野 T..., 1982(中国大陆),中国大陆,剧情 历史,192652人评价,https://img9.doubanio.com/view/photo/s_ratio_poster/public/p2528965424.webp
头脑特工队,玩转脑朋友(港)  /  脑筋急转弯(台),彼特·道格特 Pete Docter / 罗纳尔多·德尔·卡门 Ronaldo Del Carmen,&amp;nb..., 2015,美国,喜剧 动画 冒险,765984人评价,https://img1.doubanio.com/view/photo/s_ratio_poster/public/p2874927470.webp
时空恋旅人,回到最爱的一天(港)  /  真爱每一天(台),理查德·柯蒂斯 Richard Curtis,多姆纳尔·格里森 Domhnall Gl..., 2013,英国 美国,喜剧 爱情 奇幻,761303人评价,https://img9.doubanio.com/view/photo/s_ratio_poster/public/p2070153774.webp
无人知晓,谁知赤子心(港)  /  无人知晓的夏日清晨(台),是枝裕和 Hirokazu Koreeda,柳乐优弥 Yûya Yagira / 北浦爱..., 2004,日本,剧情,361431人评价,https://img3.doubanio.com/view/photo/s_ratio_poster/public/p661160053.webp
消失的爱人,失踪的女孩  /  失踪女孩,大卫·芬奇 David Fincher,本·阿弗莱克 Ben Affleck / 罗莎蒙..., 2014,美国,剧情 犯罪 悬疑 惊悚,1045350人评价,https://img9.doubanio.com/view/photo/s_ratio_poster/public/p2221768894.webp
倩女幽魂,倩女幽魂(87版)  /  倩女幽魂：妖魔道,程小东 Siu-Tung Ching,张国荣 Leslie Cheung / 王祖贤 Joey W..., 1987,中国香港,爱情 奇幻 武侠 古装,815888人评价,https://img9.doubanio.com/view/photo/s_ratio_poster/public/p2918554634.webp
完美的世界,强盗保镳,克林特·伊斯特伍德 Clint Eastwood,凯文·科斯特纳 Kevin Cos..., 1993,美国,剧情 犯罪,349824人评价,https://img1.doubanio.com/view/photo/s_ratio_poster/public/p2190556408.webp
阳光灿烂的日子,In the Heat of the Sun,姜文 Wen Jiang,夏雨 Yu Xia / 宁静 Jing Ning / 陶虹 Hong Tao, 1994,中国大陆 中国香港,剧情 爱情,675318人评价,https://img9.doubanio.com/view/photo/s_ratio_poster/public/p2564685215.webp
花样年华,花样年华导演特别版  /  花样年华4K修复版,王家卫 Kar Wai Wong,张曼玉 Maggie Cheung / 梁朝伟 Tony Leu..., 2000,中国香港,剧情 爱情,766481人评价,https://img3.doubanio.com/view/photo/s_ratio_poster/public/p2918312477.webp
驯龙高手,驯龙记(港),迪恩·德布洛斯 Dean DeBlois / 克里斯·桑德斯 Chris Sanders,主演:..., 2010,美国,动画 奇幻 冒险,829730人评价,https://img9.doubanio.com/view/photo/s_ratio_poster/public/p2210954024.webp
小森林 夏秋篇,小森食光 / 夏秋篇(台) ,森淳一 Junichi Mori,桥本爱 Ai Hashimoto / 三浦贵大 Takahir..., 2014,日本,剧情,461630人评价,https://img3.doubanio.com/view/photo/s_ratio_poster/public/p2564498893.webp
天使爱美丽,艾蜜莉的异想世界(台)  /  天使艾米莉,让-皮埃尔·热内 Jean-Pierre Jeunet,奥黛丽·塔图 Audrey Tau..., 2001,法国 德国,剧情 喜剧 爱情,1004476人评价,https://img3.doubanio.com/view/photo/s_ratio_poster/public/p2447590313.webp
新世界,暗黑新世界(台)  /  New World,朴勋政 Hoon-jung Park,李政宰 Jung-Jae Lee / 崔岷植 Min-sik..., 2013,韩国,剧情 犯罪,506513人评价,https://img1.doubanio.com/view/photo/s_ratio_poster/public/p1903379979.webp
傲慢与偏见,傲慢与偏见2005  /  Pride And Prejudice,乔·怀特 Joe Wright,凯拉·奈特莉 Keira Knightley / 马修·..., 2005,法国 英国 美国,剧情 爱情,894030人评价,https://img1.doubanio.com/view/photo/s_ratio_poster/public/p2016401659.webp
一个叫欧维的男人决定去死,明天别再来敲门(台)  /  想死冇咁易(港),汉内斯·赫尔姆 Hannes Holm,罗夫·拉斯加德 Rolf Lassgård..., 2015,瑞典,剧情,546981人评价,https://img3.doubanio.com/view/photo/s_ratio_poster/public/p2406624993.webp
侧耳倾听,心之谷(台)  /  梦幻街少女(港),近藤喜文 Yoshifumi Kondo,本名阳子 Youko Honna / 小林桂树 K..., 1995,日本,剧情 爱情 动画,507731人评价,https://img3.doubanio.com/view/photo/s_ratio_poster/public/p456692072.webp
怪兽电力公司,怪兽公司(港)  /  怪物公司,彼特·道格特 Pete Docter / 大卫·斯沃曼 David Silverman,约..., 2001,美国,儿童 喜剧 动画 奇幻 冒险,746498人评价,https://img1.doubanio.com/view/photo/s_ratio_poster/public/p2513247938.webp
玩具总动员3,反斗奇兵3(港)  /  玩具的故事3,李·昂克里奇 Lee Unkrich,汤姆·汉克斯 Tom Hanks / 蒂姆·艾..., 2010,美国,喜剧 动画 奇幻 冒险,573110人评价,https://img1.doubanio.com/view/photo/s_ratio_poster/public/p1283675359.webp
请以你的名字呼唤我,以你的名字呼唤我(港 / 台) ,卢卡·瓜达尼诺 Luca Guadagnino,艾米·汉莫 Armie Hammer / ..., 2017,意大利 法国 巴西 美国,剧情 爱情 同性,799558人评价,https://img1.doubanio.com/view/photo/s_ratio_poster/public/p2505525050.webp
教父3,教父第三集  /  教父 III,弗朗西斯·福特·科波拉 Francis Ford Coppola,阿尔·帕西诺 A..., 1990,美国,剧情 犯罪,416906人评价,https://img2.doubanio.com/view/photo/s_ratio_poster/public/p2169664351.webp
色，戒,色|戒  /  色·戒,李安 Ang Lee,梁朝伟 Tony Leung Chiu Wai / 汤唯 Wei Tang / ..., 2007,中国台湾 中国大陆 美国 中国香港,剧情 爱情 情色,926552人评价,https://img9.doubanio.com/view/photo/s_ratio_poster/public/p453716305.webp
幸福终点站,机场客运站(港)  /  航站情缘(台),史蒂文·斯皮尔伯格 Steven Spielberg,汤姆·汉克斯 Tom Hanks..., 2004,美国,喜剧 剧情 爱情,623695人评价,https://img3.doubanio.com/view/photo/s_ratio_poster/public/p2181698213.webp
哪吒闹海,Prince Nezha's Triumph Against Dragon King  /  Nezha Conquers the Dragon King,王树忱 Shuchen Wang / 严定宪 Dingxian Yan,梁正晖 Zhenghui ..., 1979,中国大陆,冒险 动画 奇幻,297504人评价,https://img9.doubanio.com/view/photo/s_ratio_poster/public/p2532803206.webp
被解救的姜戈,被解放的姜戈  /  决杀令(台),昆汀·塔伦蒂诺 Quentin Tarantino,杰米·福克斯 Jamie Foxx /..., 2012,美国,剧情 动作 西部 冒险,670417人评价,https://img3.doubanio.com/view/photo/s_ratio_poster/public/p1800813767.webp
小森林 冬春篇,小森食光 / 冬春篇(台) ,森淳一 Junichi Mori,桥本爱 Ai Hashimoto / 三浦贵大 Takahir..., 2015,日本,剧情,410633人评价,https://img3.doubanio.com/view/photo/s_ratio_poster/public/p2618201652.webp
九品芝麻官,九品芝麻官之白面包青天  /  Hail the Judge,王晶 Jing Wong,周星驰 Stephen Chow / 吴孟达 Man Tat Ng / ..., 1994,中国香港,剧情 喜剧 古装,766688人评价,https://img1.doubanio.com/view/photo/s_ratio_poster/public/p648370300.webp
釜山行,尸杀列车(港)  /  尸速列车(台),延尚昊 Sang-ho Yeon,孔侑 Yoo Gong / 郑有美 Yu-mi Jung / 马..., 2016,韩国,动作 惊悚 灾难,1314275人评价,https://img1.doubanio.com/view/photo/s_ratio_poster/public/p2360940399.webp
神偷奶爸,卑鄙的我  /  坏蛋奖门人(港),皮艾尔·柯芬 Pierre Coffin / 克里斯·雷纳德 Chris Renaud,..., 2010,美国 法国,喜剧 动画 冒险,1023465人评价,https://img1.doubanio.com/view/photo/s_ratio_poster/public/p792776858.webp
萤火之森,萤火之社  /  Hotarubi no mori e,大森贵弘 Takahiro Omori,佐仓绫音 Ayane Sakura / 内山昂辉 K..., 2011,日本,剧情 爱情 动画 奇幻,593045人评价,https://img3.doubanio.com/view/photo/s_ratio_poster/public/p1675053073.webp
喜宴,The Wedding Banquet,李安 Ang Lee,赵文瑄 Winston Chao / 归亚蕾 Ya-lei Kuei / 郎..., 1993,中国台湾 美国,剧情 喜剧 爱情 同性 家庭,413142人评价,https://img3.doubanio.com/view/photo/s_ratio_poster/public/p2249048907.webp
告白,自白  /  母亲,中岛哲也 Tetsuya Nakashima,松隆子 Takako Matsu / 冈田将生 ..., 2010,日本,剧情 悬疑,724116人评价,https://img9.doubanio.com/view/photo/s_ratio_poster/public/p689520756.webp
玛丽和马克思,巧克力情缘(台)  /  同是天涯寂寞客,亚当·艾略特 Adam Elliot,托妮·科莱特 Toni Collette / 菲利..., 2009,澳大利亚 美国,剧情 喜剧 动画,449793人评价,https://img9.doubanio.com/view/photo/s_ratio_poster/public/p488255145.webp
头号玩家,玩家一号  /  挑战者1号(港),史蒂文·斯皮尔伯格 Steven Spielberg,泰伊·谢里丹 Tye Sheri..., 2018,美国,动作 科幻 冒险,1478157人评价,https://img3.doubanio.com/view/photo/s_ratio_poster/public/p2516578307.webp
模仿游戏,解码游戏(港)  /  模拟游戏,莫滕·泰杜姆 Morten Tyldum,本尼迪克特·康伯巴奇 Benedict C..., 2014,英国 美国,剧情 传记 战争 同性,704982人评价,https://img3.doubanio.com/view/photo/s_ratio_poster/public/p2255040492.webp
大鱼,大鱼奇缘(港)  /  大智若鱼(台),蒂姆·波顿 Tim Burton,伊万·麦克格雷格 Ewan McGregor / 阿..., 2003,美国,剧情 爱情 奇幻 冒险,612028人评价,https://img9.doubanio.com/view/photo/s_ratio_poster/public/p692813374.webp
七武士,七侠四义(港)  /  七剑客(港),黑泽明 Akira Kurosawa,三船敏郎 Toshirô Mifune / 志村乔 ..., 1954,日本,动作 冒险 剧情,224083人评价,https://img9.doubanio.com/view/photo/s_ratio_poster/public/p2215886505.webp
惊魂记,精神病患者  /  触目惊心(港),阿尔弗雷德·希区柯克 Alfred Hitchcock,安东尼·博金斯 Antho..., 1960,美国,悬疑 惊悚 恐怖,341104人评价,https://img9.doubanio.com/view/photo/s_ratio_poster/public/p1021883305.webp
射雕英雄传之东成西就,东成西就  /  大英雄 (日本),刘镇伟 Jeffrey Lau,梁朝伟 Tony Leung Chiu Wai / 林青霞 Bri..., 1993,中国香港,喜剧 奇幻 武侠 古装,700252人评价,https://img3.doubanio.com/view/photo/s_ratio_poster/public/p2609063922.webp
血战钢锯岭,钢锯岭  /  钢铁英雄(台),梅尔·吉布森 Mel Gibson,安德鲁·加菲尔德 Andrew Garfield /..., 2016,澳大利亚 美国,剧情 传记 历史 战争,840199人评价,https://img1.doubanio.com/view/photo/s_ratio_poster/public/p2398141939.webp
我是山姆,不一样的爸爸(港)  /  他不笨，他是我爸爸(台),杰茜·尼尔森 Jessie Nelson,Sean Penn / Dakota Fanning / Mi..., 2001,美国,剧情 家庭,366819人评价,https://img9.doubanio.com/view/photo/s_ratio_poster/public/p652417775.webp
你的名字。,你的名字  /  君之名,新海诚 Makoto Shinkai,神木隆之介 Ryûnosuke Kamiki / 上..., 2016,日本,剧情 爱情 动画,1551340人评价,https://img2.doubanio.com/view/photo/s_ratio_poster/public/p2910701461.webp
阳光姐妹淘,阳光姊妹淘(港)  /  桑尼,姜炯哲 Hyeong-Cheol Kang,沈恩京 Eun-kyung Shim / 闵孝琳 Hy..., 2011,韩国,剧情 喜剧,625295人评价,https://img3.doubanio.com/view/photo/s_ratio_poster/public/p1374786017.webp
恐怖直播,死亡“动”新闻(港)  /  恐怖攻击直播(台),金秉祐 Byeong-woo Kim,河正宇 Jung-woo Ha / 李璟荣 Kyeong-y..., 2013,韩国,剧情 犯罪 悬疑,711000人评价,https://img9.doubanio.com/view/photo/s_ratio_poster/public/p2016930906.webp
黑客帝国3：矩阵革命,22世纪杀人网络3：惊变世纪(港)  /  骇客任务完结篇：最后战役(台),拉娜·沃卓斯基 Lana Wachowski / 莉莉·沃卓斯基 Lilly Wachowski,..., 2003,美国,动作 科幻,484844人评价,https://img1.doubanio.com/view/photo/s_ratio_poster/public/p443461818.webp
背靠背，脸对脸,"背对背，脸对脸  /  Back to Back, Face to Face",黄建新 Jianxin Huang / 杨亚洲 Yazhou Yang,牛振华 Zhenhua N..., 1994,中国大陆 中国香港,剧情,168358人评价,https://img3.doubanio.com/view/photo/s_ratio_poster/public/p2505048077.webp
心灵奇旅,灵魂奇遇记(港)  /  灵魂急转弯(台),彼特·道格特 Pete Docter / 凯普·鲍尔斯 Kemp Powers,杰米·..., 2020,美国,动画 奇幻 音乐,1100578人评价,https://img1.doubanio.com/view/photo/s_ratio_poster/public/p2595591069.webp
电锯惊魂,恐惧斗室(港)  /  夺魂锯(台),詹姆斯·温 James Wan,雷·沃纳尔 Leigh Whannell / 加利·艾..., 2004,美国,悬疑 惊悚 恐怖,592923人评价,https://img9.doubanio.com/view/photo/s_ratio_poster/public/p726839485.webp
三块广告牌,广告牌杀人事件(港)  /  意外(台),马丁·麦克唐纳 Martin McDonagh,弗兰西斯·麦克多蒙德 France..., 2017,英国 美国,剧情 犯罪,896746人评价,https://img9.doubanio.com/view/photo/s_ratio_poster/public/p2502943384.webp
小丑,小丑起源电影：罗密欧  /  Romeo,托德·菲利普斯 Todd Phillips,杰昆·菲尼克斯 Joaquin Phoeni..., 2019,美国 加拿大,剧情 犯罪 惊悚,1102681人评价,https://img9.doubanio.com/view/photo/s_ratio_poster/public/p2567198874.webp
谍影重重3,叛谍追击3：最后通牒(港)  /  神鬼认证：最后通牒 (台),保罗·格林格拉斯 Paul Greengrass,马特·达蒙 Matt Damon / ..., 2007,美国 德国 法国 英国,动作 悬疑 惊悚,457232人评价,https://img3.doubanio.com/view/photo/s_ratio_poster/public/p792223507.webp
达拉斯买家俱乐部,续命枭雄(港)  /  药命俱乐部(台),让-马克·瓦雷 Jean-Marc Vallée,马修·麦康纳 Matthew McCon..., 2013,美国,剧情 传记 同性,493473人评价,https://img3.doubanio.com/view/photo/s_ratio_poster/public/p2166160837.webp
疯狂原始人,古鲁家族(港 / 台) ,科克·德·米科 Kirk De Micco / 克里斯·桑德斯 Chris Sanders,主演..., 2013,美国,喜剧 动画 冒险,901102人评价,https://img3.doubanio.com/view/photo/s_ratio_poster/public/p1867084027.webp
无间道2,无间道前传  /  Infernal Affairs II,刘伟强 Andrew Lau / 麦兆辉 Alan Mak,陈冠希 Edison Chen / ..., 2003,中国香港,剧情 犯罪 惊悚,547309人评价,https://img1.doubanio.com/view/photo/s_ratio_poster/public/p958008320.webp
绿里奇迹,绿色奇迹(台)  /  绿色英里,弗兰克·德拉邦特 Frank Darabont,汤姆·汉克斯 Tom Hanks / ..., 1999,美国,犯罪 剧情 奇幻 悬疑,375593人评价,https://img2.doubanio.com/view/photo/s_ratio_poster/public/p767586451.webp
爱在午夜降临前,情约半生(港)  /  爱在午夜希腊时(台),理查德·林克莱特 Richard Linklater,伊桑·霍克 Ethan Hawke ..., 2013,美国 希腊,剧情 爱情,455750人评价,https://img1.doubanio.com/view/photo/s_ratio_poster/public/p2074715729.webp
海街日记,海街女孩日记(港)  /  Kamakura Diary,是枝裕和 Hirokazu Koreeda,绫濑遥 Haruka Ayase / 长泽雅美 M..., 2015,日本,剧情 家庭,504214人评价,https://img3.doubanio.com/view/photo/s_ratio_poster/public/p2603364117.webp
风之谷,风谷少女  /  Kaze no tani no Naushika,宫崎骏 Hayao Miyazaki,岛本须美 Sumi Shimamoto / 松田洋治 Y..., 1984,日本,动画 奇幻 冒险,384988人评价,https://img3.doubanio.com/view/photo/s_ratio_poster/public/p1917567652.webp
上帝之城,无主之城(港)  /  无法无天(台),费尔南多·梅里尔斯 Fernando Meirelles / 卡迪亚·兰德 Kátia Lund,&amp;nbsp..., 2002,巴西 法国,犯罪 剧情,325858人评价,https://img1.doubanio.com/view/photo/s_ratio_poster/public/p455677490.webp
英雄本色,A Better Tomorrow  /  Gangland Boss,吴宇森 John Woo,周润发 Yun-Fat Chow / 狄龙 Lung Ti / 张国..., 1986,中国香港,剧情 动作 犯罪,591611人评价,https://img3.doubanio.com/view/photo/s_ratio_poster/public/p2504997087.webp
疯狂的石头,Crazy Stone,宁浩 Hao Ning,郭涛 Tao Guo / 刘桦 Hua Liu / 连晋 Teddy Lin, 2006,中国大陆 中国香港,喜剧 犯罪,901364人评价,https://img3.doubanio.com/view/photo/s_ratio_poster/public/p712241453.webp
雨中曲,万花嬉春(港 / 台) ,斯坦利·多南 Stanley Donen / 吉恩·凯利 Gene Kelly,吉恩·..., 1952,美国,喜剧 歌舞 爱情,257880人评价,https://img9.doubanio.com/view/photo/s_ratio_poster/public/p1612355875.webp
心迷宫,殡棺  /  The Coffin in the Mountain,忻钰坤 Yukun Xin,霍卫民 Weimin Huo / 王笑天 Xiaotian Wang ..., 2014,中国大陆,剧情 犯罪 悬疑,594481人评价,https://img9.doubanio.com/view/photo/s_ratio_poster/public/p2276780256.webp
2001太空漫游,2001：星际漫游  /  2001：太空奥德赛,斯坦利·库布里克 Stanley Kubrick,凯尔·杜拉 Keir Dullea / ..., 1968,英国 美国,科幻 惊悚 冒险,378249人评价,https://img9.doubanio.com/view/photo/s_ratio_poster/public/p2560717825.webp
纵横四海,Once a Thief,吴宇森 John Woo,周润发 Yun-Fat Chow / 张国荣 Leslie Cheung..., 1991,中国香港,剧情 喜剧 动作 犯罪,463623人评价,https://img1.doubanio.com/view/photo/s_ratio_poster/public/p2597918718.webp
末路狂花,塞尔玛与路易丝  /  末路狂花,雷德利·斯科特 Ridley Scott,吉娜·戴维斯 Geena Davis / 苏..., 1991,美国 英国 法国,犯罪 剧情 惊悚,322369人评价,https://img9.doubanio.com/view/photo/s_ratio_poster/public/p1910924635.webp
记忆碎片,凶心人(港)  /  记忆拼图(台),克里斯托弗·诺兰 Christopher Nolan,盖·皮尔斯 Guy Pearce /..., 2000,美国,犯罪 剧情 悬疑 惊悚,653243人评价,https://img3.doubanio.com/view/photo/s_ratio_poster/public/p641688453.webp
卢旺达饭店,卢安达饭店(台),特瑞·乔治 Terry George,唐·钱德尔 Don Cheadle / 苏菲·奥..., 2004,英国 南非 意大利 美国,剧情 传记 历史 战争,358821人评价,https://img3.doubanio.com/view/photo/s_ratio_poster/public/p470419493.webp
高山下的花环,卫国军魂(港)  /  Wreaths at the Foot of the Mountain,谢晋 Jin Xie,吕晓禾 Xiaohe Lü / 唐国强 Guoqiang Tang / 何..., 1984(中国大陆) / 1985,中国大陆,剧情 战争,141659人评价,https://img1.doubanio.com/view/photo/s_ratio_poster/public/p2319879389.webp
无敌破坏王,破坏王拉尔夫  /  破坏王大冒险,瑞奇·莫尔 Rich Moore,约翰·C·赖利 John C. Reilly / 萨拉..., 2012,美国,喜剧 动画 奇幻 冒险,595708人评价,https://img9.doubanio.com/view/photo/s_ratio_poster/public/p1735642656.webp
小偷家族,Shoplifters  /  Une Affaire de Famille,是枝裕和 Hirokazu Koreeda,中川雅也 Lily Franky / 安藤樱 Sa..., 2018,日本,剧情 犯罪 家庭,878627人评价,https://img9.doubanio.com/view/photo/s_ratio_poster/public/p2530599636.webp
冰川时代,冰河世纪  /  冰原历险记,卡洛斯·沙尔丹哈 Carlos Saldanha / 克里斯·韦奇 Chris Wedge,主演..., 2002,美国,喜剧 动画 冒险,669518人评价,https://img1.doubanio.com/view/photo/s_ratio_poster/public/p1910895719.webp
恐怖游轮,汪洋血迷宮(台)  /  轮回三角,克里斯托弗·史密斯 Christopher Smith,梅利莎·乔治 Melissa ..., 2009,英国 澳大利亚,剧情 悬疑 惊悚,959504人评价,https://img9.doubanio.com/view/photo/s_ratio_poster/public/p462470694.webp
东京教父,Tokyo Godfathers,今敏 Satoshi Kon,江守彻 Toru Emori / 梅垣义明 Yoshiaki Ume..., 2003,日本,剧情 喜剧 动画,276471人评价,https://img1.doubanio.com/view/photo/s_ratio_poster/public/p456703618.webp
牯岭街少年杀人事件,A Brighter Summer Day,杨德昌 Edward Yang,张震 Chen Chang / 杨静怡 Lisa Yang / 张..., 1991,中国台湾,剧情 犯罪,351909人评价,https://img9.doubanio.com/view/photo/s_ratio_poster/public/p848381236.webp
魔女宅急便,魔女琪琪(台)  /  小魔女限时专送,宫崎骏 Hayao Miyazaki,高山南 Minami Takayama / 佐久间玲 Re..., 1989,日本,动画 奇幻 冒险,509849人评价,https://img3.doubanio.com/view/photo/s_ratio_poster/public/p456676352.webp
岁月神偷,1969太空漫游  /  Echoes Of The Rainbow,罗启锐 Alex Law,吴君如 Sandra Ng / 任达华 Simon Yam / 钟绍..., 2010,中国香港 中国大陆,剧情 家庭,604503人评价,https://img2.doubanio.com/view/photo/s_ratio_poster/public/p456666151.webp
忠犬八公物语,八千公物语  /  阿八的故事,神山征二郎 Seijirô Kôyama,仲代达矢 Tatsuya Nakadai /..., 1987,日本,剧情,213159人评价,https://img9.doubanio.com/view/photo/s_ratio_poster/public/p2603716224.webp
荒蛮故事,蛮荒故事  /  生命中最抓狂的小事(台),达米安·斯兹弗隆 Damián Szifron,达里奥·葛兰帝内提 Darío..., 2014,阿根廷 西班牙,剧情 喜剧 犯罪,501748人评价,https://img3.doubanio.com/view/photo/s_ratio_poster/public/p2919686972.webp
遗愿清单,玩转身前事(港)  /  一路玩到挂(台),罗伯·莱纳 Rob Reiner,杰克·尼科尔森 Jack Nicholson / 摩根..., 2007,美国,冒险 喜剧 剧情,518551人评价,https://img3.doubanio.com/view/photo/s_ratio_poster/public/p2676812053.webp
大佛普拉斯,The Great Buddha+,黄信尧 Hsin-yao Huang,庄益增 Yizeng Zhuang / 陈竹昇 Chu-sh..., 2017,中国台湾,剧情 喜剧,533598人评价,https://img3.doubanio.com/view/photo/s_ratio_poster/public/p2505928032.webp
贫民窟的百万富翁,一百万零一夜(港)  /  贫民百万富翁(台),丹尼·鲍尔 Danny Boyle / 洛芙琳·坦丹 Loveleen Tandan,戴夫..., 2008,英国,剧情 爱情,793951人评价,https://img1.doubanio.com/view/photo/s_ratio_poster/public/p2434249040.webp
芙蓉镇,Hibiscus Town,谢晋 Jin Xie,刘晓庆 Xiaoqing Liu / 姜文 Wen Jiang / 郑在石..., 1987,中国大陆,剧情 爱情,176448人评价,https://img1.doubanio.com/view/photo/s_ratio_poster/public/p2575337180.webp
源代码,启动原始码(台)  /  危机解密(港),邓肯·琼斯 Duncan Jones,杰克·吉伦哈尔 Jake Gyllenhaal / ..., 2011,美国 加拿大,科幻 悬疑 惊悚,903742人评价,https://img9.doubanio.com/view/photo/s_ratio_poster/public/p988260245.webp
疯狂的麦克斯4：狂暴之路,末日先锋：战甲飞车(港)  /  疯狂麦斯：愤怒道(台),乔治·米勒 George Miller,汤姆·哈迪 Tom Hardy / 查理兹·塞..., 2015,澳大利亚 美国,动作 科幻 冒险,601358人评价,https://img3.doubanio.com/view/photo/s_ratio_poster/public/p2236181653.webp
你看起来好像很好吃,你看起来很好吃(台)  /  你看上去好像很好吃,藤森雅也 Masaya Fujimori,山口胜平 Kappei Yamaguchi / 爱河..., 2010,日本,剧情 动画 儿童,364404人评价,https://img3.doubanio.com/view/photo/s_ratio_poster/public/p709670262.webp
东邪西毒,Ashes of Time,王家卫 Kar Wai Wong,张国荣 Leslie Cheung / 林青霞 Brigitte..., 1994,中国香港 中国台湾,剧情 动作 爱情 武侠 古装,621886人评价,https://img3.doubanio.com/view/photo/s_ratio_poster/public/p1982176012.webp
可可西里,Kekexili: Mountain Patrol,陆川 Chuan Lu,多布杰 Duobujie / 张磊 Lei Zhang / 亓亮 Qi L..., 2004,中国大陆 中国香港,剧情 犯罪,335509人评价,https://img9.doubanio.com/view/photo/s_ratio_poster/public/p2363208684.webp
爆裂鼓手,鼓动真我(港)  /  进击的鼓手(台),达米恩·查泽雷 Damien Chazelle,迈尔斯·特勒 Miles Teller /..., 2014,美国,剧情 音乐,669604人评价,https://img1.doubanio.com/view/photo/s_ratio_poster/public/p2915975989.webp
城市之光,City Lights: A Comedy Romance in Pantomime  /  Lichter der Großstadt,查理·卓别林 Charles Chaplin,查理·卓别林 Charles Chaplin ..., 1931,美国,喜剧 剧情 爱情,165633人评价,https://img1.doubanio.com/view/photo/s_ratio_poster/public/p2170238828.webp
波西米亚狂想曲,波希米亚狂想曲：摇滚传说(港)  /  波希米亚狂想曲(台),布莱恩·辛格 Bryan Singer,拉米·马雷克 Rami Malek / 本·哈..., 2018,英国 美国,剧情 传记 同性 音乐,670799人评价,https://img3.doubanio.com/view/photo/s_ratio_poster/public/p2549558913.webp
花束般的恋爱,她和他的恋爱花期(港)  /  爱如花束 恋恋不忘,土井裕泰 Nobuhiro Doi,菅田将晖 Masaki Suda / 有村架纯 Kasu..., 2021,日本,剧情 爱情,779158人评价,https://img3.doubanio.com/view/photo/s_ratio_poster/public/p2868462052.webp
黑天鹅,夺命黑天鹅  /  霸王别鹅(豆友译名),达伦·阿罗诺夫斯基 Darren Aronofsky,娜塔莉·波特曼 Natalie..., 2010,美国,剧情 惊悚,829591人评价,https://img9.doubanio.com/view/photo/s_ratio_poster/public/p2549648344.webp
爱乐之城,星声梦里人(港)  /  乐来越爱你(台),达米恩·查泽雷 Damien Chazelle,瑞恩·高斯林 Ryan Gosling /..., 2016,美国,剧情 爱情 歌舞,1057943人评价,https://img3.doubanio.com/view/photo/s_ratio_poster/public/p2901102612.webp
青蛇,Green Snake,徐克 Hark Tsui,张曼玉 Maggie Cheung / 王祖贤 Joey Wang / ..., 1993,中国香港 中国大陆,剧情 爱情 奇幻 古装,576925人评价,https://img3.doubanio.com/view/photo/s_ratio_poster/public/p2570901292.webp
白日梦想家,发梦王大历险(港)  /  白日梦冒险王(台),本·斯蒂勒 Ben Stiller,本·斯蒂勒 Ben Stiller / 克里斯汀·..., 2013,美国 英国,剧情 喜剧 冒险,609077人评价,https://img2.doubanio.com/view/photo/s_ratio_poster/public/p2160195181.webp
哈利·波特与死亡圣器(上),哈利波特7：死神的圣物1(港 / 台) ,大卫·叶茨 David Yates,丹尼尔·雷德克里夫 Daniel Radcliffe..., 2010,英国 美国,奇幻 冒险,670212人评价,https://img9.doubanio.com/view/photo/s_ratio_poster/public/p2913456984.webp
机器人之梦,再见机器人(台)  /  汪汪梦里人(港),巴勃罗·贝格尔 Pablo Berger,伊万·拉班达 Ivan Labanda / 阿..., 2023,西班牙 法国,剧情 动画 音乐,362122人评价,https://img9.doubanio.com/view/photo/s_ratio_poster/public/p2904305126.webp
终结者2：审判日,未来战士2(港)  /  魔鬼终结者2(台),詹姆斯·卡梅隆 James Cameron,阿诺·施瓦辛格 Arnold Schwarz..., 1991,美国 法国,动作 科幻,372658人评价,https://img9.doubanio.com/view/photo/s_ratio_poster/public/p1910909085.webp
初恋这件小事,初恋那件小事(港)  /  暗恋那点小事,普特鹏·普罗萨卡·那·萨克那卡林 Puttipong Promsaka Na Sakolnakorn / 华森·波克彭..., 2010,/,/, </p>,1035156人评价,https://img3.doubanio.com/view/photo/s_ratio_poster/public/p1505312273.webp
无耻混蛋,希魔撞正杀人狂(港)  /  恶棍特工(台),昆汀·塔伦蒂诺 Quentin Tarantino,布拉德·皮特 Brad Pitt / ..., 2009,德国 美国,剧情 犯罪,536810人评价,https://img1.doubanio.com/view/photo/s_ratio_poster/public/p2575043939.webp
雨人,手足情未了(港)  /  手足情深,巴瑞·莱文森 Barry Levinson,达斯汀·霍夫曼 Dustin Hoffman ..., 1988,美国,剧情,434232人评价,https://img3.doubanio.com/view/photo/s_ratio_poster/public/p2353324612.webp
新龙门客栈,New Dragon Gate Inn,李惠民 Raymond Lee,张曼玉 Maggie Cheung / 林青霞 Brigitte ..., 1992,中国香港 中国大陆,动作 爱情 武侠 古装,492726人评价,https://img1.doubanio.com/view/photo/s_ratio_poster/public/p1421018669.webp
人工智能,AI人工智慧,史蒂文·斯皮尔伯格 Steven Spielberg,海利·乔·奥斯蒙 Haley..., 2001,美国 英国,剧情 科幻,488493人评价,https://img3.doubanio.com/view/photo/s_ratio_poster/public/p792257137.webp
虎口脱险,横冲直撞出重围(港)  /  大進擊(台),杰拉尔·乌里 Gérard Oury,路易·德·菲耐斯 Louis de Funès..., 1966,法国 英国,喜剧 战争,286159人评价,https://img3.doubanio.com/view/photo/s_ratio_poster/public/p2399597512.webp
崖上的波妞,悬崖上的金鱼姬  /  悬崖上的金鱼公主,宫崎骏 Hayao Miyazaki,奈良柚莉爱 Yuria Nara / 土井洋辉 Hir..., 2008,日本,动画 奇幻 冒险,556806人评价,https://img1.doubanio.com/view/photo/s_ratio_poster/public/p2627847859.webp
大红灯笼高高挂,Raise The Red Lantern  /  Épouses et concubines,张艺谋 Yimou Zhang,巩俐 Li Gong / 马精武 Jingwu Ma / 何赛..., 1991,中国大陆 中国香港 中国台湾,剧情,349170人评价,https://img3.doubanio.com/view/photo/s_ratio_poster/public/p1254404823.webp
真爱至上,真的恋爱了(港)  /  爱是您，爱是我(台),理查德·柯蒂斯 Richard Curtis,休·格兰特 Hugh Grant / 连姆..., 2003,英国 美国 法国,喜剧 剧情 爱情,790581人评价,https://img1.doubanio.com/view/photo/s_ratio_poster/public/p475600770.webp
千钧一发,变种异煞(港)  /  自然人,安德鲁·尼科尔 Andrew Niccol,伊桑·霍克 Ethan Hawke / 乌玛..., 1997,美国,剧情 科幻 惊悚,335498人评价,https://img3.doubanio.com/view/photo/s_ratio_poster/public/p792423963.webp
罗生门,Rashomon,黑泽明 Akira Kurosawa,三船敏郎 Toshirô Mifune / 京町子 ..., 1950,日本,剧情 犯罪 悬疑,347764人评价,https://img2.doubanio.com/view/photo/s_ratio_poster/public/p1598883511.webp
恋恋笔记本,忘了·忘不了(港)  /  手札情缘(台),尼克·卡索维茨 Nick Cassavetes,瑞恩·高斯林 Ryan Gosling /..., 2004,美国,剧情 爱情,730904人评价,https://img9.doubanio.com/view/photo/s_ratio_poster/public/p483604864.webp
彗星来的那一夜,相干性  /  相干效应,詹姆斯·沃德·布柯特 James Ward Byrkit,艾米丽·芭尔多尼 Em..., 2013,美国 英国,科幻 悬疑 惊悚,659118人评价,https://img9.doubanio.com/view/photo/s_ratio_poster/public/p2187896734.webp
哈利·波特与凤凰社,哈利波特5：凤凰会的密令(港 / 台) ,大卫·叶茨 David Yates,丹尼尔·雷德克里夫 Daniel Radcliffe..., 2007,英国 美国,奇幻 冒险,669108人评价,https://img9.doubanio.com/view/photo/s_ratio_poster/public/p2913456924.webp
海边的曼彻斯特,情系海边之城(港),肯尼斯·罗纳根 Kenneth Lonergan,卡西·阿弗莱克 Casey Affle..., 2016,美国,剧情 家庭,627030人评价,https://img9.doubanio.com/view/photo/s_ratio_poster/public/p2421855655.webp
火星救援,火星任务(港)  /  绝地救援(台),雷德利·斯科特 Ridley Scott,马特·达蒙 Matt Damon / 杰西卡..., 2015,英国 美国 匈牙利 约旦,剧情 科幻 冒险,807889人评价,https://img3.doubanio.com/view/photo/s_ratio_poster/public/p2264592493.webp
黑客帝国2：重装上阵,22世纪杀人网络2：决战未来(港)  /  骇客任务：重装上阵(台),拉娜·沃卓斯基 Lana Wachowski / 莉莉·沃卓斯基 Lilly Wachowski,..., 2003,美国,动作 科幻,443272人评价,https://img1.doubanio.com/view/photo/s_ratio_poster/public/p443461390.webp
奇迹男孩,奇迹,斯蒂芬·卓博斯基 Stephen Chbosky,雅各布·特伦布莱 Jacob Tr..., 2017,美国 中国香港,剧情 儿童 家庭,588984人评价,https://img1.doubanio.com/view/photo/s_ratio_poster/public/p2507709428.webp
萤火虫之墓,再见萤火虫(港)  /  萤火挽歌,高畑勋 Isao Takahata,辰己努 / 白石绫乃 / 志乃原良子, 1988,日本,动画 剧情 战争,431106人评价,https://img1.doubanio.com/view/photo/s_ratio_poster/public/p2237136718.webp
战争之王,军火之王(台 / 港) ,安德鲁·尼科尔 Andrew Niccol,尼古拉斯·凯奇 Nicolas Cage /..., 2005,美国 德国,剧情 犯罪,404530人评价,https://img2.doubanio.com/view/photo/s_ratio_poster/public/p792282381.webp
千年女优,Millennium Actress,今敏 Satoshi Kon,庄司美代子 Miyoko Shôji / 小山茉美 Mam..., 2001,日本,动画 剧情 爱情,306976人评价,https://img9.doubanio.com/view/photo/s_ratio_poster/public/p2215102596.webp
步履不停,横山家之味(港 / 台) ,是枝裕和 Hirokazu Koreeda,阿部宽 Hiroshi Abe / 夏川结衣 Yu..., 2008,日本,剧情 家庭,312674人评价,https://img1.doubanio.com/view/photo/s_ratio_poster/public/p2375245718.webp
谍影重重2,叛谍追击2：机密圈套(港)  /  神鬼认证：神鬼疑云(台),保罗·格林格拉斯 Paul Greengrass,马特·达蒙 Matt Damon / ..., 2004,美国 德国,动作 悬疑 惊悚,387736人评价,https://img9.doubanio.com/view/photo/s_ratio_poster/public/p667644866.webp
血钻,血钻石(台)  /  血腥钻石,爱德华·兹威克 Edward Zwick,莱昂纳多·迪卡普里奥 Leonardo ..., 2006,美国 德国 英国,剧情 惊悚 冒险,412466人评价,https://img9.doubanio.com/view/photo/s_ratio_poster/public/p2797308106.webp
蜘蛛侠：平行宇宙,蜘蛛侠：新纪元  /  蜘蛛人：新宇宙(台),鲍勃·佩尔西凯蒂 Bob Persichetti / 彼得·拉姆齐 Peter Ramsey,主..., 2018,美国,动作 科幻 动画 冒险,736946人评价,https://img1.doubanio.com/view/photo/s_ratio_poster/public/p2535851348.webp
攻壳机动队,Ghost in the Shell,押井守 Mamoru Oshii,田中敦子 Atsuko Tanaka / 大冢明夫 Akio..., 1995,日本,动作 科幻 动画,202681人评价,https://img3.doubanio.com/view/photo/s_ratio_poster/public/p2921045013.webp
魂断蓝桥,滑铁卢桥  /  断桥残梦,茂文·勒鲁瓦 Mervyn LeRoy,费雯·丽 Vivien Leigh / 罗伯特·..., 1940,美国,剧情 爱情 战争,303008人评价,https://img1.doubanio.com/view/photo/s_ratio_poster/public/p2351134499.webp
房间,不存在的房间(台)  /  抖室(港),伦尼·阿伯拉罕森 Lenny Abrahamson,布丽·拉尔森 Brie Larson..., 2015,爱尔兰 加拿大 英国 美国,剧情 家庭,393156人评价,https://img9.doubanio.com/view/photo/s_ratio_poster/public/p2259715855.webp
冰雪奇缘,魔雪奇缘(港)  /  冰雪大冒险,克里斯·巴克 Chris Buck / 珍妮弗·李 Jennifer Lee,克里斯汀..., 2013,美国,喜剧 动画 奇幻 歌舞,787277人评价,https://img3.doubanio.com/view/photo/s_ratio_poster/public/p2151245053.webp
隐藏人物,NASA无名英雌(港)  /  关键少数(台),特奥多尔·梅尔菲 Theodore Melfi,塔拉吉·P·汉森 Taraji P. ..., 2016,美国,剧情 传记 历史,258338人评价,https://img1.doubanio.com/view/photo/s_ratio_poster/public/p2374067318.webp
谍影重重,叛谍追击(港)  /  神鬼认证(台),道格·里曼 Doug Liman,马特·达蒙 Matt Damon / 弗兰卡·波坦..., 2002,美国 德国 捷克,动作 悬疑 惊悚,473013人评价,https://img2.doubanio.com/view/photo/s_ratio_poster/public/p1597183981.webp
